,Timestamp,Batch,LMS_Improvements,LMS_Convenience_Rating,LMS_Convenience_Explained,Online_Learning_Difficulty,Training_Likes_Category,Fav_Subjects,Joined_Mentor_Session,Mentor_Experience,GED_Improvements,Math_Teaching_Effectiveness,Math_Time_Sufficient,Math_Confidence_After,Math_Homework_Reasonable,Math_Teacher_Attention,Math_Content_Satisfaction,SS_Teaching_Effectiveness,SS_Time_Sufficient,SS_Confidence_After,SS_Homework_Reasonable,SS_Teacher_Attention,SS_Content_Satisfaction,RLA_Teaching_Effectiveness,RLA_Time_Sufficient,RLA_Confidence_After,RLA_Homework_Reasonable,RLA_Teacher_Attention,RLA_Content_Satisfaction,Science_Teaching_Effectiveness,Science_Time_Sufficient,Science_Confidence_After,Science_Homework_Reasonable,Science_Teacher_Attention,Science_Content_Satisfaction,Pre_GED_Math_Confidence,Pre_GED_RLA_Confidence,Pre_GED_Science_Confidence,Pre_GED_SS_Confidence,Post_GED_Math_Confidence,Post_GED_RLA_Confidence,Post_GED_Science_Confidence,Post_GED_SS_Confidence,Program_Expectations_Met,Math_Skills_Improved,Science_Skills_Improved,SS_Skills_Improved,RLA_Skills_Improved,Top_Improved_Subjects,Pre_Real_Life_Confidence,Post_Real_Life_Confidence,GED_Improvement_Recommendations,Top_GED_Contributors,Overall_GED_Satisfaction,GED_Exam_Preparation_Rating,Additional_Comments,Requested_Topics,Experiences_Shares,Recommend_Program
0,2024-10-19 10:50:23.262,GED First Batch,"Have to scroll a bit to find a specific date. But other than that, it is a good experience using Moodle!",4,Not Specified,noisy environment,"Mentor Session, Exam Session","Math, Social Studies, RLA, Science",Yes,"My mentor helped me brainstorm what universities I should do, what I should do to apply for them, and other things such as budgeting, etc. I enjoyed the time I spent with my mentor.","For me, it is good as it already is. Teachers taught in a active way that I developed an interest in Social Studies, a subject I was bored of in school. The slides are good for reviewing detailed info and I used them to take my own notes. Every teacher teaches in a unique way and for me, I followed their guidance and direction.",4,Yes,4,Yes,4,4,5,Yes,5,Maybe more homework ğŸ˜. I liked doing the biography of Abraham Lincoln and it helped me memorize a lot about him.,4,4,4,Yes,4,Yes,4,4,4,Yes,4,Yes,4,4,4,2,2,1,4,4,4,4,50-75%,5,4,5,4,Social Studies,Was fairly confident in applying knowledge,Can apply knowledge more often,"More practice problems in each subject, Additional study materials or resources, More interactive activities or group work, More detailed explanations of difficult concepts","Availability of practice exams and quizzes, Feedback and guidance from instructors, Motivation and encouragement from teacher",5,5,"I immediately took the GED exam after the program. With the notes and teaching the teachers provided, I was able to quickly review the materials to ensure a good score.","For RLA, I want more reading exercises. Specifically texts from the previous era, e.g. poems, novels, historical documents, diaries. I was fairly confident in reading modern texts but for past documents, I had a hard time understanding. The exam also included writing styles from the past, so it would be wonderful if those were included!","Extremely good! I learnt a lot from the teachers not only academic related, but also life related lessons. They made sure all the students could understand the materials and guide us.",Yes
1,2024-10-19 11:36:48.070,GED Second Batch,"Not really, Everything is great ",5,It is very satisfying.,"Internet, noisy environment","Mentor Session, Weekly practice sessions","Math, Social Studies",No,All teachers are very good at teaching and very patient dealing with students ,Instructor engagement and interaction,5,Maybe,4,Yes,5,5,5,Maybe,4,Yes,5,5,5,Yes,4,Yes,5,5,5,Yes,3,Yes,5,5,4,2,3,1,5,4,4,4,75-100%,5,5,5,5,Social Studies,Could apply knowledge sometimes,Confident in applying knowledge,"More practice problems in each subject, More interactive activities or group work, Access to online resources or recorded lessons","Quality of teaching and instruction, Study materials and resources provided, Availability of practice exams and quizzes, Feedback and guidance from instructors, Motivation and encouragement from teacher, Group communication channels or peer interaction platforms",5,5,I'm starting to feel more and more confident for my GED exam.,More wider informations in social studies and detailed explanations about how to answer specific questions ,Thanks for the program ,Yes
2,2024-10-19 14:23:48.420,GED Second Batch,-,4,"Sometimes,it is inconvient because of poor connection but it is fine because we can answer the test like real exam.",Internet,"LMS, Weekly practice sessions, Exam Session",Math,No,"""Have a commitment "" is a guidance for me to continue my GED Classes and my GED journey. ","effective of study materials (eg-slides, pdf), teaching methods",4,No,3,Yes,4,3,4,Maybe,2,Yes,4,3,4,No,3,Yes,3,3,3,No,3,Yes,4,4,3,2,2,2,3,3,3,3,50-75%,3,3,3,3,Mathematics,Struggled with applying knowledge,"Some improvement, but still challenging","Additional study materials or resources, Longer or more frequent training sessions, Additional practice exams or mock tests","Quality of teaching and instruction, Availability of practice exams and quizzes, Feedback and guidance from instructors",3,4,Its program is very helpful to us.,-,-,Yes
3,2024-10-19 22:21:50.346,GED Second Batch,I got more practices and wide knowledges for the courses,5,I love using Moodle. Also how the teachers taught us carefully. I love the way the Moodle has made in detail.,"Electricity, Internet, device, I feel really sorry that I had a lot of personal issues in September and October. In those months I missed the classes and also some assignments. I tried as much as I can but many issues has happened.(WiFi broken, my laptop broke, my eyes sicked, had to live in other place)","LMS, Exam Session","Social Studies, RLA",No,Not Specified,Instructor engagement and interaction,5,Yes,4,Yes,5,5,5,No,3,Yes,5,5,5,Yes,5,Yes,5,5,3,Yes,2,Yes,4,4,2,2,3,2,4,3,2,2,50-75%,5,3,4,5,RLA,Was very confident in applying knowledge,Very confident in applying knowledge,"More interactive activities or group work, Access to online resources or recorded lessons, Additional practice exams or mock tests, Improved communication between instructors and students","Quality of teaching and instruction, Availability of practice exams and quizzes, Online learning tools and platform",4,5,Math+Science á€€á€­á€¯á€†á€€á€ºá€á€­á€¯á€€á€ºá€á€„á€ºá€›á€á€¬á€€á€á€±á€¬á€· á€”á€Šá€ºá€¸á€”á€Šá€ºá€¸á€¡á€á€€á€ºá€¡á€á€²á€–á€¼á€…á€ºá€•á€«á€á€šá€ºá€›á€¾á€„á€·á€º á€”á€±á€¬á€€á€ºá€•á€­á€¯á€„á€ºá€¸á€…á€­á€á€ºá€œá€½á€„á€·á€ºá€œá€­á€¯á€·á‹ á€…á€¬á€á€„á€ºá€á€»á€­á€”á€ºá€€á€­á€¯á€á€…á€ºâ€Œá€±á€­á€·2á€”á€¬á€›á€®á€‘á€€á€ºá€™á€€á€»á€±á€¬á€ºá€›á€„á€ºá€¡á€†á€„á€ºá€•á€¼á€±á€™á€šá€ºá€‘á€„á€ºá€•á€«á€á€šá€ºá‹,Not really ,-,Yes
4,2024-10-20 17:04:46.871,GED Second Batch,"Since the LMS platform provides assignments with weekly deadlines, I can complete the work on time without feeling overwhelmed.",4,"The LMS displays assignments on the dashboard about a week before the deadline, which makes it convenient. When taking tests, there is sometimes a difficulty with typing, and errors occur, but otherwise, everything runs smoothly.
","Electricity, Internet, noisy environment","Mentor Session, Weekly practice sessions","Math, Social Studies",No,"Valuing others' rights and always moving forward are valuable lessons from mentors. Additionally, since we know ourselves best, it's important to continually ask how we can prepare to be ready for the GED exam, and we should also plan ahead for what to do after completing it.
",The training period should last at least six months.,5,Yes,5,Yes,5,5,5,Maybe,4,Yes,4,4,5,Maybe,4,Yes,4,4,5,Yes,4,Yes,5,4,3,3,3,1,5,4,4,4,75-100%,5,4,4,4,RLA,Was fairly confident in applying knowledge,Confident in applying knowledge,"More interactive activities or group work, Access to online resources or recorded lessons, More personalized feedback on assessments","Quality of teaching and instruction, Availability of practice exams and quizzes, Online learning tools and platform",4,5,"In Science and Maths, the teacher regularly checks weekly assignments and tests, which allows me to always review what I have learned. In RLA, since we discuss everything together in class, it gives me a broader perspective. In Social Studies, we not only listen to lectures but also work through the workbook together, which helps me understand the material better.",It would be beneficial to have sessions that encourage networking and collaboration among participants.,"During times when I felt lost and didnâ€™t know what to do, this program has truly been very helpful, and I would like to thank all the teachers and everyone involved in this program for their assistance.",Yes
5,2024-10-20 21:02:32.774,GED Second Batch,Too slow sometimes,4,"Overall, it is pretty good. However, it is too slow sometime.","Electricity, Internet","LMS, Mentor Session, Weekly practice sessions",Social Studies,Yes,I don't really know how to describe exactly. But it is really helpful for me (not only for studies but also for my life),Everything is perfect fr except moodle. As i mentioned before it is kinda slow whenever we try to take exam at the same time.,5,Yes,4,Yes,4,5,5,Yes,4,Yes,5,4,5,Yes,4,Yes,5,5,5,Yes,4,Yes,5,5,2,2,2,1,5,5,5,5,75-100%,5,4,4,4,Social Studies,Struggled with applying knowledge,Can apply knowledge more often,"More interactive activities or group work, Access to online resources or recorded lessons, More personalized feedback on assessments","Study materials and resources provided, Availability of practice exams and quizzes, Motivation and encouragement from teacher",5,5,"I'm really glad that i have a chance to join this class. As tr ko said, although the class doesn't have price tag, the value of the class can't be defined.",I really want debate seesionnnnns.,really fun and effective for me. Trs are talented and master at explaining complex stuff. ,Yes
6,2024-10-20 21:47:40.048,GED Second Batch,"LMS might be comfortable with other countries, but in my experience, we don't always get electricity. So, I am often absent from classes due to battery. And I was really disappointed about that. Because I couldn't catch some lesson and needed to self study again.",3,"As I mentioned before, the internet connection and electricity are the main problems.","Electricity, Internet","Weekly practice sessions, Exam Session","Math, Social Studies",No,Not Specified,Instructor engagement and interaction,4,Yes,4,Yes,5,5,4,Yes,4,Yes,4,4,4,Yes,4,Yes,3,4,4,Yes,4,Yes,5,4,3,2,1,1,4,4,3,5,75-100%,4,3,5,4,Social Studies,Had some difficulty,Confident in applying knowledge,"More interactive activities or group work, Access to online resources or recorded lessons, Improved communication between instructors and students","Quality of teaching and instruction, Study materials and resources provided, Availability of practice exams and quizzes",4,4,No,Keep going! I love all,-,Yes
7,2024-10-20 21:51:44.176,GED Second Batch,-,5,"For me personally, I didn't find any inconvenient. All the teachers are very patient and explain the lessons clearly. ","Internet, device",Weekly practice sessions,Social Studies,Yes,-,-,5,Yes,4,Yes,5,4,5,Yes,4,Yes,5,5,4,Yes,3,Yes,5,4,4,Yes,3,Yes,5,4,2,2,2,2,4,3,3,4,75-100%,4,4,4,4,Social Studies,Had some difficulty,"Some improvement, but still challenging","More practice problems in each subject, More detailed explanations of difficult concepts, Access to online resources or recorded lessons, Additional practice exams or mock tests","Quality of teaching and instruction, Study materials and resources provided, Motivation and encouragement from teacher, Group communication channels or peer interaction platforms",5,4,-,-,It was fun. I gained a lot of knowledge from my teachers and peers. ,Yes
8,2024-10-20 22:12:31.270,GED Second Batch,I find LMS platform easy to use and helpful for learning. Also the features work well.,5,It's easy to use and features are simple.,Internet,Weekly practice sessions,"Math, RLA",No,Not Specified,I feel the program is well-structured and meet my needs. So I have no suggestions for improvement.,5,Yes,4,Yes,5,5,3,No,3,Maybe,5,4,4,Maybe,4,Yes,3,4,4,Yes,3,Maybe,5,4,5,3,1,1,5,4,3,3,75-100%,5,4,4,5,RLA,Struggled with applying knowledge,"Some improvement, but still challenging","Longer or more frequent training sessions, More detailed explanations of difficult concepts, More personalized feedback on assessments","Availability of practice exams and quizzes, Motivation and encouragement from teacher, Group communication channels or peer interaction platforms",4,5,"I appreciate the structured approach of the program and the support from the instructors. The materials were helpful, and I feel well-prepared for the tests. Overall, my experience has been very positive.",Maybe adding test-taking tips or time management skills would help us.,"Iâ€™ve had a great experience! The instructors were supportive, and the resources were helpful. It boosted my confidence! The program was more effective and useful then I expected.",Yes
9,2024-10-20 22:58:53.639,GED Second Batch,I think everything is okay.,5,I,Electricity,"LMS, Mentor Session, Weekly practice sessions","Math, Social Studies, RLA, Science",Yes,Not Specified,I satisfied all areas of the program. ,4,Yes,5,Yes,5,4,5,Yes,4,Yes,5,5,5,Yes,5,Yes,5,5,4,Yes,4,Yes,5,5,3,2,2,1,4,3,3,4,75-100%,5,4,5,5,Social Studies,Struggled with applying knowledge,Confident in applying knowledge,"Longer or more frequent training sessions, More interactive activities or group work, Access to online resources or recorded lessons","Quality of teaching and instruction, Study materials and resources provided, Availability of practice exams and quizzes, Feedback and guidance from instructors, Motivation and encouragement from teacher",5,5,No,"No, this program is prefect.",This learning program is the best and the most beneficial for me.,Yes
10,2024-10-20 23:16:59.440,GED First Batch,"When we take RLA test, it's kinda hard to read the passage to find main idea or something.We couldn't read the whole passage at once in one page, we had to return the previous ones so many times 'till we found the right answers.So, it took much time to finish the test ",2,"I wish we could log into LMS easily without entering password everytime we try to log in.Sometimes, It's so hard and takes so much time to enter the platform since the internet connection.","Electricity, Internet, device",Exam Session,"Social Studies, RLA",Yes,"I joined mentor session just once.I'm so glad the mentor teacher listened me really well and motivated me.And what I like to suggest is there would be more better if the mentor teacher guide us what to prepare after taking GED such as SAT,IELTS etc.When we tell the country we like to study abroad ,I wish mentor teacher provide us if that country is really suitable for GED student like us ,for example; scholarship, other requirements,if the country is allowed to work part time jobs for international students and so on.I know searching informations is our responsibility indeed.I just kindly would like to give some pure suggestions.","Instructor engagement and interaction, teaching methods",5,,4,,5,5,4,Yes,3,Yes,4,4,3,Yes,3,Yes,4,3,5,,4,,5,4,1,1,1,1,4,3,3,4,50-75%,1,1,4,3,Social Studies,Had some difficulty,Can apply knowledge more often,"More interactive activities or group work, Access to online resources or recorded lessons, Improved communication between instructors and students","Quality of teaching and instruction, Availability of practice exams and quizzes, Motivation and encouragement from teacher",3,4,"I'm a student who only joined RLA & Social Studies.But in order to reach this page ,I had to fill all of the requirements given in this form.That's why I just choose 1 to rate my level of satisfaction in Math and Science.I don't mean to rate like that.I just chose those to reach the next page.",....,......,Yes
11,2024-10-20 23:32:46.238,GED Second Batch,I can learn all of subjects and I can take notes easily at one place.,3,"Teachers are patient in teaching and organize the lessons well. Teachers are not only teaching the lessons but also advising how to set mindset during the study period. Honestly, I feel a little bored at RLA class and I can't understand clearly at Social Studies class. I think I didn't pay full attention and I couldn't concentrate to the class. I'm really sorry for that to all the teachers.","Electricity, Internet, device","LMS, Mentor Session, Weekly practice sessions, Exam Session","Math, Science",Yes,"Yes, I learned how to be patient from Teacher Clary, how to pay respect to others from Teacher Ko and how to fully concentrate what we have to do from Sayar Khaing Lynn.","Instructor engagement and interaction, effective of study materials (eg-slides, pdf), teaching methods",3,Yes,3,Yes,4,5,3,Yes,2,Yes,3,3,2,Yes,2,Yes,3,3,3,Yes,3,Yes,3,4,1,1,1,1,4,3,3,3,50-75%,3,3,3,3,Mathematics,Struggled with applying knowledge,"Some improvement, but still challenging","More practice problems in each subject, More interactive activities or group work, More detailed explanations of difficult concepts, Improved communication between instructors and students","Quality of teaching and instruction, Study materials and resources provided, Availability of practice exams and quizzes, Motivation and encouragement from teacher, Online learning tools and platform, Group communication channels or peer interaction platforms",3,3,"Nothing, I really appreciate your kindness and your effort.",English session ,I feel comfortable with the classmates and teachers.,Maybe
12,2024-10-20 23:38:55.690,GED First Batch,"I would like to see advanced reporting tools, advanced analytic and faster performance in the LMS platform.",4,"My rating is based on the communication tools , mobile accessibility, progress monitoring and centralized resources.","Electricity, Internet, device","LMS, Mentor Session, Weekly practice sessions, Exam Session, activities such as  July 19  and presentatinon of social studies ","Math, Social Studies, RLA, Science",Yes,"When   I met my mentor , we discussed my goal deal with GED and she asked me the class I attended before the GED.And she advised me not only how to join international school but also what kind of things are need to apply international school.","Instructor engagement and interaction, effective of study materials (eg-slides, pdf), teaching methods",4,Yes,4,Maybe,5,4,5,Yes,4,Yes,5,4,4,Yes,3,Yes,5,3,5,Yes,5,Yes,5,5,4,2,4,3,4,3,4,4,50-75%,5,5,5,5,Science,Had some difficulty,Very confident in applying knowledge,"More practice problems in each subject, More personalized feedback on assessments, Additional practice exams or mock tests","Quality of teaching and instruction, Study materials and resources provided, Availability of practice exams and quizzes, Motivation and encouragement from teacher, Group communication channels or peer interaction platforms",5,4,"No, I don't have any other comments or feedback about my experience with the program.",There are nothing topics I would like  to see during training sessions.,"I would like to share about my experience regarding the program  that it is my first online class ,so l excited at the beginning.But the teachers are good at teaching , and explain the lessons we don't understand.I believe this program is 85% perfect .",Maybe
13,2024-10-20 23:41:55.960,GED Second Batch,nothing ,5,Teachers are really kind and helpful as well as classmates and system of teaching.,"Electricity, Internet",LMS,Social Studies,No,-,Nothing ,5,Maybe,4,Yes,5,5,5,Yes,5,Yes,5,5,5,Yes,5,Yes,5,5,5,Yes,5,Yes,5,5,1,3,2,1,3,4,3,4,50-75%,4,3,5,5,Mathematics,Had some difficulty,Confident in applying knowledge,"More practice problems in each subject, More detailed explanations of difficult concepts, Additional practice exams or mock tests","Quality of teaching and instruction, Availability of practice exams and quizzes, Feedback and guidance from instructors, Motivation and encouragement from teacher",5,5,-,-,Iâ€™ve got a lot of experience and confidence in group work that Iâ€™ve been disabled to do before since I am introvert.,Yes
14,2024-10-20 23:46:58.688,GED First Batch,"Assignment á€á€„á€ºá€á€²á€·á€¡á€á€« á€•á€­á€¯á€•á€¼á€®á€¸á€œá€½á€šá€ºá€€á€°á€›á€„á€ºá€€á€±á€¬á€„á€ºá€¸á€•á€«á€™á€šá€ºá€›á€¾á€„á€·á€ºá‹ á€–á€­á€¯á€„á€ºá€›á€½á€±á€¸á€•á€¼á€®á€¸á€œá€­á€¯á€· select á€œá€­á€¯á€€á€ºá€›á€„á€º Auto á€‘á€½á€€á€ºá€•á€¼á€®á€¸ home screen á€›á€±á€¬á€€á€ºá€á€½á€¬á€¸á€á€á€ºá€œá€­á€¯á€·á€•á€«á‹
á€€á€»á€”á€ºá€á€¬á€€á€á€±á€¬á€· á€á€™á€®á€¸á€¡á€á€½á€€á€ºá€¡á€á€±á€¬á€ºá€œá€±á€¸á€¡á€†á€„á€ºá€•á€¼á€±á€•á€«á€á€šá€ºá‹",4,á€¡á€•á€±á€«á€ºá€™á€¾á€¬á€•á€¼á€±á€¬á€‘á€¬á€¸á€á€²á€· Assignment á€á€…á€ºá€”á€±á€›á€¬á€€á€œá€½á€²á€›á€„á€º á€¡á€†á€„á€ºá€•á€¼á€±á€•á€«á€á€šá€ºá‹ schedule á€€á€­á€¯á€œá€Šá€ºá€¸ á€€á€­á€¯á€šá€·á€ºá€˜á€¬á€á€¬á€€á€¼á€­á€¯ check á€œá€­á€¯á€·á€›á€•á€¼á€®á€¸ quiz á€–á€¼á€±á€›á€á€¬á€œá€Šá€ºá€¸ time á€‘á€Šá€·á€ºá€•á€±á€¸á€á€²á€· function á€€á€­á€¯á€á€±á€¬á€· á€¡á€›á€™á€ºá€¸á€á€˜á€±á€¬á€€á€»á€•á€«á€á€šá€ºá‹ á€¡á€á€»á€­á€”á€ºá€”á€²á€·á€€á€¼á€Šá€·á€ºá€•á€¼á€®á€¸á€•á€­á€¯á€œá€¯á€•á€ºá€–á€¼á€…á€ºá€œá€¬á€œá€­á€¯á€·á€•á€«á‹,"Electricity, noisy environment, á€¡á€›á€™á€ºá€¸á€á€±á€¬á€· á€™á€†á€°á€Šá€¶á€•á€±á€™á€šá€·á€º personal space á€™á€Ÿá€¯á€á€ºá€á€²á€·á€¡á€á€½á€€á€º á€á€…á€ºá€á€»á€€á€ºá€á€»á€€á€º á€¡á€á€€á€ºá€á€²á€–á€¼á€…á€ºá€á€¬á€™á€»á€­á€¯á€¸á€•á€«á‹","Weekly practice sessions, Exam Session, á€á€á€¼á€¬á€¸á€¡á€›á€¬á€€á€á€±á€¬á€· á€†á€›á€¬á€”á€²á€· á€†á€›á€¬á€™á€á€­á€¯á€·á€›á€²á€· á€¡á€á€„á€ºá€¡á€•á€¼á€•á€¯á€¶á€…á€¶á€•á€«á‹ â€Œá€á€…á€ºá€šá€±á€¬á€€á€ºá€á€»á€„á€ºá€¸á€†á€®á€€á€”á€± á€¡á€™á€»á€¬á€¸á€€á€¼á€®á€¸á€á€„á€ºá€šá€°á€á€²á€·á€›á€á€œá€­á€¯ á€á€„á€ºá€¹á€á€»á€¬á€á€»á€­á€”á€ºá€€á€á€±á€¬á€· á€¡á€€á€¼á€­á€¯á€€á€ºá€†á€¯á€¶á€¸á€•á€«á‹",Math,Yes,á€•á€‘á€™á€”á€¾á€…á€ºá€œá€™á€¾á€¬ á€€á€­á€¯á€šá€ºá€¡á€á€€á€ºá€á€²á€–á€¼á€…á€ºá€”á€±á€á€¬á€á€½á€±á€€á€­á€¯á€•á€¼á€±á€¬á€œá€­á€¯á€·á€›á€á€²á€·á€”á€±á€›á€¬á€›á€á€²á€·á€•á€¼á€®á€¸ á€¡á€…á€ºá€™á€€ á€á€±á€á€»á€¬á€”á€¬á€¸á€‘á€±á€¬á€„á€ºá€•á€¼á€®á€¸ á€¡á€€á€¼á€¶á€‰á€¬á€á€ºá€á€½á€±á€œá€Šá€ºá€¸á€•á€±á€¸á€á€²á€·á€•á€«á€á€šá€ºá‹ ,"Instructor engagement and interaction, effective of study materials (eg-slides, pdf)",5,á€†á€›á€¬á€·á€˜á€€á€ºá€€á€á€±á€¬á€· á€á€„á€ºá€”á€±á€á€¬á€€á€­á€¯ á€”á€¾á€…á€ºá€†á€•á€¼á€”á€º practice á€œá€¯á€•á€ºá€»á€•á€¸á€á€²á€·á€¡á€á€½á€€á€º 90% á€¡á€‘á€­ cover á€–á€¼á€…á€ºá€á€šá€ºá€œá€­á€¯á€· á€‘á€„á€ºá€•á€«á€á€šá€ºá‹ á€€á€»á€”á€ºá€á€²á€· 10% á€€á€á€±á€¬á€· GED á€€á€”á€‚á€­á€¯á€€á€á€Šá€ºá€¸á€€ á€€á€»á€šá€ºá€•á€¼á€”á€·á€ºá€á€œá€­á€¯ á€á€„á€ºá€¹á€á€»á€¬á€€á€œá€Šá€ºá€¸á€€á€»á€šá€ºá€•á€¼á€”á€·á€ºá€á€²á€·á€¡á€á€½á€€á€º á€œá€¯á€¶á€¸á€ cover á€–á€¼á€…á€ºá€á€šá€ºá€œá€­á€¯á€·á€á€±á€¬á€· á€•á€¼á€±á€¬á€™á€›á€”á€­á€¯á€„á€ºá€•á€«á‹,4,á€–á€¼á€…á€ºá€á€„á€·á€ºá€á€šá€ºá€œá€­á€¯á€· á€œá€¯á€¶á€¸á€á€‘á€„á€ºá€•á€«á€á€šá€ºá‹ á€’á€®á€‘á€€á€ºá€•á€­á€¯á€•á€¼á€®á€¸ á€™á€»á€¬á€¸á€™á€šá€ºá€†á€­á€¯á€á€±á€¬á€„á€ºá€›á€•á€«á€á€±á€¸á€á€šá€º á€™á€»á€¬á€¸á€™á€»á€¬á€¸ practice â€Œá€œá€¯á€•á€ºá€›á€œá€± á€•á€­á€¯á€€á€±á€¬á€„á€ºá€¸á€œá€±á€–á€¼á€…á€ºá€œá€­á€¯á€·á€•á€«á‹,5,4,4,,3,á€–á€¼á€…á€ºá€á€„á€·á€ºá€á€šá€ºá€œá€­á€¯á€·á€‘á€„á€ºá€•á€«á€á€šá€ºá‹ á€á€…á€ºá€á€¯á€á€±á€¬á€·á€•á€¼á€±á€¬á€›á€™á€šá€ºá€†á€­á€¯ question practice session á€™á€¾á€¬ á€€á€»á€±á€¬á€„á€ºá€¸á€á€½á€¬á€¸á€á€½á€±á€€á€­á€¯ á€¡á€¯á€•á€ºá€…á€¯á€œá€­á€¯á€€á€ºá€–á€á€ºá€á€­á€¯á€„á€ºá€¸á€•á€¼á€®á€¸ activity á€¡á€”á€±á€”á€²á€· á€•á€¼á€­á€¯á€„á€ºá€–á€¼á€±á€á€­á€¯á€„á€ºá€¸á€™á€šá€ºá€†á€­á€¯á€›á€„á€ºá€•á€­á€¯á€€á€±á€¬á€„á€ºá€¸á€™á€šá€ºá€‘á€„á€ºá€•á€«á€á€šá€ºá‹ á€’á€«á€€ á€á€®á€á€»á€šá€·á€ºá€˜á€€á€ºá€€á€œá€­á€¯á€¡á€•á€ºá€á€»á€€á€ºá€›á€šá€ºá€á€±á€¬á€·á€™á€Ÿá€¯á€á€ºá€•á€«á€˜á€°á€¸ á€á€™á€®á€¸á€€á€»á€±á€¬á€„á€ºá€¸á€á€¬á€¸á€á€½á€±á€˜á€€á€ºá€€á€œá€Šá€ºá€¸ á€•á€«á€á€„á€ºá€™á€¾á€¯á€¡á€¬á€¸á€”á€Šá€ºá€¸á€€á€¼á€á€¬á€•á€«á€–á€¼á€±á€”á€±á€€á€»á€á€°á€á€…á€ºá€šá€±á€¬á€€á€ºá€”á€¾á€…á€ºá€šá€±á€¬á€€á€ºá€€á€•á€² á€¡á€¬á€¸á€€á€¼á€­á€¯á€¸á€™á€¬á€”á€ºá€á€€á€ºá€–á€¼á€±á€€á€¼á€á€±á€¬á€· groupá€”á€²á€·á€†á€­á€¯á€¡á€á€»á€­á€”á€ºá€¡á€›á€¡á€›á€™á€ºá€¸á€šá€°á€á€½á€¬á€¸á€™á€¾á€¬á€™á€­á€¯á€·á€”á€¬á€¸á€œá€Šá€ºá€•á€«á€á€šá€ºá‹ á€”á€±á€¬á€€á€ºá€•á€­á€¯á€„á€ºá€¸á€á€½á€±á€€á€»á€•á€­á€¯á€†á€½á€²á€á€±á€«á€ºá€”á€­á€¯á€„á€ºá€›á€„á€ºá€á€±á€¬á€·á€•á€­á€¯á€€á€±á€¬á€„á€ºá€¸á€•á€«á€™á€šá€ºá€›á€¾á€„á€·á€º,4,3,4,Maybe,4,Writing á€¡á€á€½á€€á€ºâ€Œá€á€±á€¬á€· á€•á€­á€¯á€•á€¼á€®á€¸á€™á€»á€¬á€¸á€œá€±á€€á€±á€¬á€„á€ºá€¸á€œá€±á€¸á€‘á€„á€ºá€•á€«á€á€šá€ºá€›á€¾á€„á€·á€º ,4,4,3,Maybe,3,Yes,3,3,4,3,2,1,5,4,3,3,50-75%,5,3,4,4,Mathematics,Struggled with applying knowledge,"Some improvement, but still challenging","Longer or more frequent training sessions, More interactive activities or group work, Additional practice exams or mock tests, Improved communication between instructors and students","Quality of teaching and instruction, Study materials and resources provided, Feedback and guidance from instructors, Online learning tools and platform",4,4,á€›á€¾á€±á€·á€†á€€á€ºá€œá€»á€¾á€±á€¬á€€á€ºá€–á€­á€¯á€· á€¡á€“á€­á€€á€€á€á€±á€¬á€· á€œá€™á€ºá€¸á€…á€”á€²á€· á€¡á€¬á€¸á€¡á€„á€ºá€á€½á€±á€›á€•á€¼á€®á€¸ á€á€€á€šá€·á€ºá€œá€€á€ºá€á€½á€±á€™á€¾á€¬ á€›á€•á€ºá€™á€”á€±á€á€²á€·á€á€°á€á€½á€±á€¡á€™á€»á€¬á€¸á€€á€¼á€®á€¸á€›á€¾á€­á€”á€±á€á€¬ á€á€á€ºá€”á€­á€¯á€„á€ºá€â€Œá€œá€±á€¬á€€á€ºá€†á€½á€²á€á€±á€«á€ºá€•á€±á€¸á€”á€±á€€á€¼á€á€²á€·á€œá€°á€á€½á€±á€”á€²á€·á€†á€¯á€¶á€á€²á€·á€›á€•á€¼á€®á€¸ á€•á€Šá€¬á€›á€±á€¸á€œá€™á€ºá€¸á€•á€±á€«á€ºá€€á€­á€¯á€•á€¼á€”á€ºá€œá€»á€¾á€±á€¬á€€á€ºá€”á€­á€¯á€„á€ºá€á€²á€·á€•á€¼á€®á€¸ á€á€±á€¸á€€á€½á€¬á€”á€±á€á€²á€·á€…á€¬á€á€½á€±á€›á€±á€¬ á€¡á€á€…á€ºá€á€½á€±á€›á€±á€¬ á€á€„á€ºá€šá€°á€á€²á€·á€›á€á€¬á€€ á€á€€á€šá€·á€ºá€¡á€á€½á€±á€·á€€á€¼á€¯á€¶á€€á€±á€¬á€„á€ºá€¸á€œá€­á€¯á€·á€‘á€„á€ºá€•á€«á€á€šá€ºá‹ , á€¡á€¬á€‡á€¬á€”á€Šá€ºá€”á€±á€·á€œá€­á€¯á€™á€»á€­á€¯á€¸ activity á€á€½á€±á€•á€­á€¯á€›á€¾á€­á€á€¬á€™á€»á€­á€¯á€¸ á€¡á€á€”á€ºá€¸á€¡á€á€½á€„á€ºá€¸presentation á€œá€±á€¸á€á€½á€±á€•á€­á€¯á€™á€»á€¬á€¸á€›á€„á€ºá€•á€­á€¯á€€á€±á€¬á€„á€ºá€¸á€™á€šá€ºá€‘á€„á€ºá€•á€«á€á€šá€ºá‹,experience á€‘á€€á€º á€€á€­á€¯á€šá€ºá€á€­á€¯á€„á€ºá€¡á€”á€±á€”á€²á€· á€™á€–á€¼á€±á€–á€¼á€…á€ºá€á€±á€¬á€·á€–á€­á€¯á€· á€á€±á€á€»á€¬á€á€œá€±á€¬á€€á€ºá€•á€±á€™á€²á€· á€™á€á€±á€¸á€€á€½á€¬á€á€½á€¬á€¸á€¡á€±á€¬á€„á€ºá€á€±á€¬á€· á€œá€±á€·á€œá€¬á€”á€±á€•á€«á€á€šá€ºá‹ á€”á€±á€¬á€€á€ºá€•á€­á€¯á€„á€ºá€¸á€á€½á€± á€†á€€á€ºá€•á€¼á€®á€¸ á€¡á€á€…á€ºá€á€½á€±á€–á€½á€„á€·á€ºá€á€²á€·á€¡á€á€« assistant/ volunteer á€œá€­á€¯á€œá€»á€¾á€„á€º á€•á€«á€á€„á€ºá€á€»á€„á€ºá€•á€«á€á€šá€ºá€›á€¾á€„á€·á€º,Yes
15,2024-10-20 23:55:42.815,GED Second Batch,Inclusive Education ,2,Because I have issues of background noise and internet ,"Electricity, Internet, noisy environment","LMS, Exam Session",Math,No,Not Specified,"Instructor engagement and interaction, effective of study materials (eg-slides, pdf), teaching methods",3,Yes,3,Maybe,3,3,3,Maybe,4,Yes,1,2,1,Yes,2,Yes,2,2,3,Yes,3,Yes,3,4,2,1,2,1,4,2,3,2,25-50%,4,4,3,2,Mathematics,Had some difficulty,"Some improvement, but still challenging","More practice problems in each subject, Additional study materials or resources, Longer or more frequent training sessions, More interactive activities or group work, More detailed explanations of difficult concepts, Access to online resources or recorded lessons, More personalized feedback on assessments, Improved communication between instructors and students","Quality of teaching and instruction, Study materials and resources provided, Availability of practice exams and quizzes, Feedback and guidance from instructors, Online learning tools and platform, Group communication channels or peer interaction platforms",3,3,Give record lesson and some individually feedback from instructor are better to improve GED study for Students ,Intensive ,No,Yes
16,2024-10-20 23:59:23.699,GED Second Batch,i don't have any ideas,5,Because we can easily learn and access to many unlocked door through it like learning GED by Zoom with Teachers who are really good at teaching,Internet,LMS,"Math, Social Studies, RLA, Science",No,Not Specified,"Instructor engagement and interaction, effective of study materials (eg-slides, pdf), teaching methods",5,Yes,4,Yes,5,4,5,Yes,4,Yes,5,5,5,Yes,4,Yes,5,5,5,Yes,4,Yes,5,5,3,2,2,2,4,3,3,4,50-75%,4,4,4,4,RLA,Had some difficulty,Can apply knowledge more often,"More practice problems in each subject, More detailed explanations of difficult concepts, Access to online resources or recorded lessons","Quality of teaching and instruction, Availability of practice exams and quizzes, Motivation and encouragement from teacher",5,5,I feel like I had a great chance to learn GED and want to thanks all of you for providing such a valuable program.,not yet,I have got much more knowledge from this program and have fun all the time joining the class,Yes
17,2024-10-21 00:48:08.253,GED Second Batch,.,3,Its functions can be used well and simple.,"Electricity, Internet, device","LMS, Mentor Session","Math, Science",Yes,.,"Instructor engagement and interaction, effective of study materials (eg-slides, pdf), teaching methods",5,Yes,5,Yes,5,5,4,Maybe,4,Maybe,3,4,5,Yes,5,Yes,5,5,5,Yes,5,Yes,5,5,4,3,4,4,5,3,4,3,50-75%,5,4,4,3,Science,Was fairly confident in applying knowledge,"Some improvement, but still challenging","More interactive activities or group work, Access to online resources or recorded lessons, Improved communication between instructors and students","Quality of teaching and instruction, Availability of practice exams and quizzes, Feedback and guidance from instructors, Motivation and encouragement from teacher, Online learning tools and platform",4,3,.,.,.,Yes
18,2024-10-21 07:23:51.663,GED Second Batch,Yes,4,Convenient ,"Electricity, Internet","LMS, Weekly practice sessions, Exam Session","Math, Science",No,"Yes, it is good for us. We can know which subject should we study or practice more
","effective of study materials (eg-slides, pdf)",4,Yes,3,Yes,4,4,4,Yes,3,Yes,5,4,4,Yes,3,Yes,5,4,5,Yes,4,Yes,4,4,2,1,2,1,3,2,3,2,50-75%,4,4,3,3,Science,Had some difficulty,"Some improvement, but still challenging","More practice problems in each subject, Access to online resources or recorded lessons, Additional practice exams or mock tests","Quality of teaching and instruction, Availability of practice exams and quizzes, Motivation and encouragement from teacher",4,4,No. It is comfortable for me. ,No.,"It helped me a lot. Before I join this program, i didn't even know what GED is. I just know that I have to take for my future. The teachers are really helpful and give lots of knowledge and share us the experience. ",Yes
19,2024-10-21 08:22:46.326,GED Second Batch,Customize background colors,3,"Useable most times, but sometimes I just can't enter site (probably internet issue?)","Electricity, Internet, noisy environment",Weekly practice sessions,"Math, Social Studies, RLA, Science",No,"??? Short response - math and science teacher provide most useful advices and guidances (I can't share full and specific experiences , it will take too long)","effective of study materials (eg-slides, pdf)",5,Yes,4,Maybe,5,5,4,Yes,5,"no, need more assignments",3,3,4,Yes,4,Yes,2,4,5,Yes,5,Yes,5,5,2,3,2,2,4,4,4,4,75-100%,5,4,4,5,Mathematics,Could apply knowledge sometimes,Very confident in applying knowledge,"Additional study materials or resources, Longer or more frequent training sessions, More interactive activities or group work, More detailed explanations of difficult concepts, More personalized feedback on assessments, Additional practice exams or mock tests","Availability of practice exams and quizzes, Motivation and encouragement from teacher, Online learning tools and platform",5,5,Thanks teachers for giving time and teaching us,more activities for students,"RLA teacher is ice cold? Math and science teacher is scary but feels it's for our good.Social teacher feels clumsy sometimes 
I like math teacher, he call out slackers (some students frequently don't do assignments (bad kids))
And I think some students take attendances in website,but don't attend class, I mean when teachers call our name after class for attendances after class , their name is filled but I don't see them attending class at all!",Yes
20,2024-10-21 23:49:58.762,GED First Batch,_,4,Not Specified,"Electricity, Internet","LMS, Mentor Session, Weekly practice sessions, Exam Session","Math, Social Studies, RLA, Science",Yes,Not Specified,"effective of study materials (eg-slides, pdf)",5,more than enough,5,"the homework is easy, but the amount make it difficult to manage.It would be better to have more challenging homework with reduced quantity.",5,5,5,Maybe,5,Yes,5,5,5,Yes,5,Yes,5,5,5,Yes,5,Yes,5,5,5,1,1,5,5,5,5,5,75-100%,4,4,5,5,Social Studies,Could apply knowledge sometimes,"Some improvement, but still challenging","More practice problems in each subject, Longer or more frequent training sessions, More interactive activities or group work, Additional practice exams or mock tests, Improved communication between instructors and students","Quality of teaching and instruction, Study materials and resources provided, Motivation and encouragement from teacher",5,5,it's really helpful,No,"The program has truly boosted my confidence in the GED course. The teachers are not only kind and patient, but also take the time to explain every lessons clarity, ensuring no one is left behind. What stood out the most is how they effectively combine academic lessons with valuable social insights, making the learning the experience meaningful. Through its lasted just six months, i felt like a truly transformative experience,  making every moment worthwhile.",Yes
21,2024-10-22 12:40:22.568,GED Second Batch,á€¡á€€á€¯á€”á€ºá€¡á€†á€„á€ºá€•á€¼á€±á€•á€«á€á€šá€ºá€á€®á€á€»á€šá€º ,4,á€á€„á€ºá€›á€á€¬ á€¡á€€á€¯á€”á€ºá€•á€¼á€±á€•á€±á€™á€šá€·á€º á€á€…á€ºá€á€«á€á€« á€œá€­á€¯á€„á€ºá€¸á€™á€€á€±á€¬á€„á€ºá€¸á€›á€„á€º á€á€„á€ºá€™á€›á€á€¬á€™á€»á€­á€¯á€¸ á€á€„á€ºá€›á€á€€á€ºá€á€¬á€™á€»á€­á€¯á€¸á€€á€¼á€±á€¬á€„á€·á€º 4á€•á€±á€¸á€›á€á€¬á€›á€¾á€„á€·á€º ,Internet,"LMS, Weekly practice sessions, Exam Session","Math, Social Studies",Yes,á€á€®á€á€»á€šá€ºá€€á€­á€¯á€”á€²á€· á€†á€½á€±á€¸á€”á€½á€±á€¸á€›á€á€¬á€€á€­á€¯ á€á€­á€•á€ºá€á€˜á€±á€¬á€€á€»á€•á€«á€á€šá€º ,It's really perfect.,5,Yes,4,Yes,4,5,5,No,5,Yes,5,5,3,Maybe,4,Yes,4,3,4,Yes,4,Maybe,5,4,1,1,2,1,4,3,4,4,75-100%,4,4,5,3,Social Studies,Had some difficulty,Very confident in applying knowledge,"More detailed explanations of difficult concepts, Access to online resources or recorded lessons, More personalized feedback on assessments","Availability of practice exams and quizzes, Feedback and guidance from instructors, Motivation and encouragement from teacher, Online learning tools and platform",5,5,  á€á€®á€á€»á€šá€º á€á€…á€ºá€šá€±á€¬á€€á€ºá€…á€®á€á€­á€¯á€„á€ºá€¸á€€ á€˜á€¬á€á€¬á€›á€•á€ºá€á€…á€ºá€á€¯á€á€»á€„á€ºá€¸á€€á€­á€¯ cover á€–á€¼á€…á€ºá€¡á€±á€¬á€„á€º á€á€„á€ºá€•á€±á€¸á€á€²á€·á€•á€«á€á€šá€ºá€›á€¾á€„á€·á€º á€á€™á€®á€¸á€›á€²á€· á€¡á€¬á€¸á€”á€Šá€ºá€¸á€á€»á€€á€ºá€€á€¼á€±á€¬á€„á€·á€º RLAá€€á€­á€¯ á€€á€­á€¯á€šá€·á€ºá€€á€­á€¯á€šá€ºá€€á€­á€¯á€šá€ºá€¡á€¬á€¸á€™á€›á€–á€¼á€…á€ºá€™á€­á€•á€«á€á€šá€ºá€›á€¾á€„á€·á€º ,Science á€€á€­á€¯ á€•á€­á€¯á€•á€¼á€®á€¸ á€¡á€á€±á€¸á€…á€­á€á€ºá€á€„á€ºá€á€»á€„á€ºá€•á€«á€á€šá€ºá€›á€¾á€„á€·á€º,á€á€®á€á€»á€šá€ºá€á€­á€¯á€· á€…á€¬á€á€„á€ºá€á€¬ á€€á€±á€¬á€„á€ºá€¸á€•á€«á€á€šá€ºá‹ á€…á€­á€á€ºá€œá€Šá€ºá€¸á€›á€¾á€šá€ºá€á€šá€º á€á€­á€á€»á€„á€ºá€á€¬á€›á€¾á€­á€›á€„á€ºá€œá€Šá€ºá€¸ á€œá€½á€á€ºá€œá€•á€ºá€…á€½á€¬á€™á€±á€¸á€á€½á€„á€·á€ºá€›á€¾á€­á€á€¬á€€á€­á€¯ á€á€˜á€±á€¬á€€á€»á€•á€«á€á€šá€ºá€›á€¾á€„á€·á€º,Yes
22,2024-10-23 00:57:51.422,GED Second Batch,questions errors for answers,5,I can be trained for time limit.,"Electricity, Internet, noisy environment, device","LMS, Weekly practice sessions",Math,No,I see a lot of improvement of myself regarding to understanding questions types and difficult meanings.,-,5,Yes,5,Yes,5,5,5,Yes,5,Yes,5,5,5,Yes,5,Yes,5,5,5,Yes,5,Yes,5,5,4,3,4,1,5,4,5,4,75-100%,5,5,4,4,Social Studies,Had some difficulty,Very confident in applying knowledge,"More practice problems in each subject, More detailed explanations of difficult concepts, Access to online resources or recorded lessons, Improved communication between instructors and students","Quality of teaching and instruction, Availability of practice exams and quizzes, Motivation and encouragement from teacher, Online learning tools and platform",5,5,kowledge sharing from seniors about exam and study method,-,unforgettable memory about group work,Yes
23,2024-10-23 11:19:47.467,GED Second Batch,.,5,Not Specified,Internet,LMS,"Math, Social Studies, RLA, Science",No,Not Specified,"effective of study materials (eg-slides, pdf)",5,Yes,4,Yes,5,4,5,Yes,3,Maybe,5,3,5,Yes,3,Maybe,5,3,5,Yes,3,Maybe,5,3,3,3,3,3,3,3,3,3,75-100%,3,3,3,3,Mathematics,Struggled with applying knowledge,"Some improvement, but still challenging","More detailed explanations of difficult concepts, Access to online resources or recorded lessons, Improved communication between instructors and students","Feedback and guidance from instructors, Motivation and encouragement from teacher, Group communication channels or peer interaction platforms",4,4,.," IELTS, Duolingo ",.,Yes
24,2024-10-23 11:21:18.676,GED Second Batch,"Nothing, I think it's okay",3,Not Specified,"Electricity, Internet",Weekly practice sessions,"Math, RLA",No,I don't know ,"effective of study materials (eg-slides, pdf)",4,Maybe,4,Maybe,3,4,4,Yes,2,Maybe,3,4,3,Maybe,5,Yes,4,3,5,Maybe,5,Yes,4,3,4,4,4,2,4,5,5,3,75-100%,3,4,3,4,RLA,Could apply knowledge sometimes,Confident in applying knowledge,"More practice problems in each subject, Longer or more frequent training sessions, Access to online resources or recorded lessons","Study materials and resources provided, Motivation and encouragement from teacher, Online learning tools and platform",5,5,"No, I don't have any feedback.","No, there isn't any additional topic I would like to see.","No, there isn't.",Yes
25,2024-10-23 11:37:35.976,GED Second Batch,easy to use,4,convenient,"Electricity, Internet",Mentor Session,"Math, Social Studies",Yes,useful for my study and got lots of knowledge sharing for my education field,"Instructor engagement and interaction, effective of study materials (eg-slides, pdf)",4,Yes,3,Yes,4,5,5,Yes,5,Yes,5,5,4,Yes,3,Yes,5,4,5,Yes,3,Yes,5,5,3,2,2,1,5,4,4,5,25-50%,5,4,4,4,Social Studies,Had some difficulty,Can apply knowledge more often,"More practice problems in each subject, Additional study materials or resources, More detailed explanations of difficult concepts","Quality of teaching and instruction, Availability of practice exams and quizzes, Motivation and encouragement from teacher",4,5,Online learning is very useful,Yesss,"I had a great experience with the program.It helped me learn new skills and gain more confidence in my abilities. The teachers were supportive, and the lessons were easy to follow.",Yes
26,2024-10-23 12:59:31.987,GED Second Batch,á€¡á€á€”á€ºá€¸á€¡á€€á€¯á€”á€ºá€œá€¯á€¶á€¸á€™á€¾á€¬á€á€±á€¬á€·á€™á€–á€¼á€…á€ºá€•á€±á€™á€šá€ºá€· á€á€á€»á€­á€¯á€·á€¡á€á€”á€ºá€¸á€á€½á€±á€™á€¾á€¬ weekly activityá€€á€­á€¯á€”á€¾á€­á€•á€ºá€œá€­á€¯á€€á€ºá€›á€„á€º á€á€á€¼á€¬á€¸ weeká€á€½á€± á€•á€«á€•á€»á€±á€¬á€€á€ºá€á€½á€¬á€¸á€•á€¼á€®á€¸ á€”á€±á€¬á€€á€ºweeká€€á€­á€¯á€”á€¾á€­á€•á€ºá€á€»á€„á€ºá€›á€„á€º á€¡á€…á€€ á€•á€¼á€”á€ºá€•á€¼á€®á€¸refresh á€œá€¯á€•á€ºá€›á€á€¬ á€á€­á€•á€ºá€¡á€†á€„á€ºá€™á€•á€¼á€±á€–á€¼á€…á€ºá€•á€«á€á€šá€º á€œá€­á€¯á€„á€ºá€¸á€€á€±á€¬á€„á€ºá€¸á€›á€„á€ºá€á€±á€¬á€· á€€á€­á€…á€¹á€…á€™á€›á€¾á€­á€•á€±á€™á€šá€ºá€· á€œá€­á€¯á€„á€ºá€¸á€™á€€á€±á€¬á€„á€ºá€¸á€›á€„á€º á€¡á€²á€·á€œá€­á€¯ á€œá€¯á€•á€ºá€•á€¼á€®á€¸á€á€¬á€”á€²á€· errorá€á€€á€ºá€•á€¼á€®á€¸accá€‘á€² á€•á€« á€¡á€á€»á€­á€”á€ºá€á€”á€€á€¼á€¬á€á€„á€ºá€™á€›á€á€¬á€™á€»á€­á€¯á€¸á€–á€¼á€…á€ºá€•á€«á€á€šá€º  ,4,á€¡á€•á€±á€«á€ºá€€ á€•á€¼á€±á€¬á€‘á€¬á€¸á€á€²á€· á€¡á€á€»á€€á€ºá€€á€¼á€±á€¬á€„á€ºá€·á€›á€šá€º á€¡á€²á€·á€¡á€á€»á€€á€ºá€€á€¼á€±á€¬á€„á€ºá€·á€•á€² exam or hm á€á€½á€±á€€á€­á€¯ dashboard á€€á€”á€± á€•á€²á€€á€¼á€Šá€ºá€·á€›á€•á€«á€á€šá€º á€’á€«á€•á€±á€™á€šá€ºá€· dashboard á€€á€œá€² activityá€á€½á€±á€€á€­á€¯ á€¡á€€á€¯á€”á€ºá€™á€•á€¼á€•á€±á€¸á€á€¬á€™á€»á€­á€¯á€¸á€–á€¼á€…á€ºá€•á€«á€á€šá€º  ,"Electricity, Internet, noisy environment, device","LMS, Exam Session, ","Math, RLA",Yes,á€á€°á€á€­á€¯á€· á€›á€²á€· experience á€€á€­á€¯ sharing á€œá€¯á€•á€ºá€•á€±á€¸á€á€²á€·á€¡á€á€«á€™á€¬ á€€á€­á€¯á€šá€ºá€á€­á€¯á€„á€º á€€á€¼á€¯á€¶ á€á€½á€±á€·á€–á€­á€¯á€·á€™á€œá€­á€¯á€œá€­á€¯á€€á€ºá€•á€² á€á€­á€œá€­á€¯á€€á€ºá€›á€á€¬á€™á€»á€­á€¯á€¸ á€™á€œá€­á€¯á€· á€á€€á€šá€ºá€€á€­á€¯ effective á€–á€¼á€…á€ºá€•á€«á€á€šá€º á€˜á€šá€ºá€¡á€•á€­á€¯á€„á€ºá€¸á€€á€­á€¯ á€˜á€šá€­á€œá€­á€¯ á€¡á€¬á€›á€¯á€¶á€…á€­á€¯á€€á€ºá€›á€™á€œá€² á€†á€­á€¯á€á€¬ á€•á€«á€•á€¼á€±á€¬á€•á€±á€¸á€œá€­á€¯á€· á€—á€»á€¬á€™á€™á€»á€¬á€¸á€•á€²á‹ á€€á€­á€¯á€·á€¡á€¬á€¸á€”á€Šá€ºá€¸á€á€»á€€á€ºá€€á€­á€¯ á€á€±á€á€»á€¬ á€¡á€¬á€…á€¯á€¶á€…á€­á€¯á€€á€ºá€–á€¼á€…á€ºá€•á€«á€á€šá€º,"effective of study materials (eg-slides, pdf)",4,Yes,5,Yes,5,4,4,No,4,Yes,5,4,5,Yes,5,Yes,5,5,4,No,4,No,5,4,5,5,4,1,5,5,4,4,75-100%,5,4,4,5,Social Studies,Struggled with applying knowledge,Can apply knowledge more often,"More practice problems in each subject, Additional study materials or resources, More detailed explanations of difficult concepts, More personalized feedback on assessments","Quality of teaching and instruction, Motivation and encouragement from teacher, Online learning tools and platform",4,4,-, RLAá€™á€¾á€¬á€†á€­á€¯á€›á€„á€º Tr á€€ 11á€…á€™á€šá€ºá€†á€­á€¯á€›á€„á€º á€œá€°á€…á€±á€¬á€„á€ºá€·á€•á€±á€¸á€œá€±á€·á€›á€¾á€­á€•á€«á€á€šá€º á€’á€«á€•á€±á€™á€šá€ºá€· 11-12:30á€†á€­á€¯á€á€²á€· á€¡á€á€»á€­á€”á€ºá€Ÿá€¬ á€¡á€…á€€á€á€Šá€ºá€¸á€€ á€•á€¼á€±á€¬á€•á€¼á€‘á€¬á€¸á€á€²á€· á€¡á€á€»á€­á€”á€ºá€–á€¼á€…á€ºá€á€¬á€™á€­á€¯á€· á€¡á€á€»á€­á€”á€º á€™á€…á€±á€¬á€„á€ºá€·á€•á€±á€¸á€á€¬á€™á€»á€­á€¯á€¸á€€ á€•á€­á€¯á€€á€±á€¬á€„á€ºá€¸á€™á€šá€ºá€œá€­á€¯á€· á€‘á€„á€ºá€•á€«á€á€šá€º Trá€€á€­á€¯á€¡á€•á€¼á€…á€ºá€†á€­á€¯á€á€¬á€™á€Ÿá€¯á€á€ºá€•á€«á€˜á€°á€¸ Trá€€ á€á€˜á€±á€¬á€€á€±á€¬á€„á€ºá€¸ á€œá€½á€”á€ºá€¸ á€á€šá€ºá€œá€­á€¯á€·á€‘á€„á€ºá€•á€«á€á€šá€º  á€á€°á€·á€¡á€á€»á€­á€”á€ºá€”á€²á€·á€á€° á€™á€›á€±á€¬á€€á€ºá€”á€­á€¯á€„á€ºá€á€°á€Ÿá€¬ á€¡á€á€»á€­á€”á€ºá€á€­á€€á€» á€á€²á€· á€œá€°á€á€½á€±á€”á€²á€· á€á€”á€ºá€¸á€á€° á€™á€–á€¼á€…á€ºá€á€„á€ºá€·á€–á€°á€¸á€œá€­á€¯á€· á€‘á€„á€ºá€œá€­á€¯á€·á€•á€«,"RLA á€™á€¬ Q & A session á€œá€±á€¸ á€á€½á€±á€‘á€Šá€ºá€·á€•á€±á€¸ á€á€¬á€€á€­á€¯á€á€˜á€±á€¬á€€á€»á€•á€«á€á€šá€º Assignment á€á€½á€±á€€á€­á€¯á€œá€² á€•á€¼á€”á€ºá€†á€½á€±á€¸á€”á€½á€±á€¸á€•á€±á€¸á€œá€­á€¯á€· á€á€°á€™á€»á€¬á€¸ á€á€½á€±á€›á€²á€· opinion á€á€½á€±á€€á€­á€¯ á€•á€« á€á€­á€›á€á€²á€·á€¡á€á€½á€€á€ºá€›á€±á€¬ á€á€°á€á€­á€¯á€·á€›á€²á€· á€…á€¬á€€á€¼á€±á€¬á€„á€ºá€¸ á€á€Šá€ºá€†á€±á€¬á€€á€ºá€•á€¯á€¶ á€á€½á€±á€€á€­á€¯á€œá€² á€œá€±á€·á€œá€¬á€á€½á€„á€ºá€·á€›á€á€²á€·á€•á€«á€á€šá€º ( á€’á€«á€™á€»á€­á€¯á€¸teaching method á€€á€­á€¯ á€á€¯á€¶á€¸á€á€²á€· á€¡á€á€”á€ºá€¸á€€á€­á€¯ á€•á€‘á€™á€†á€¯á€¶á€¸ á€á€€á€ºá€á€½á€„á€ºá€·á€›á€á€²á€·á€á€¬á€•á€« á€¡á€²á€·á€á€¬á€€ ged RLA á€¡á€á€½á€€á€ºá€œá€±á€·á€œá€¬á€›á€•á€­á€¯á€œá€½á€šá€ºá€€á€°á€á€²á€·á€•á€«á€á€šá€º ) á€á€á€¼á€¬á€¸á€”á€­á€¯á€„á€ºá€„á€¶ á€™á€¬á€á€½á€¬á€¸á€á€€á€ºá€›á€„á€º á€á€°á€™á€»á€¬á€¸á€€á€­á€¯ á€¡á€¬á€¸á€€á€­á€¯á€¸á€”á€±á€œá€­á€¯á€·á€™á€›á€–á€°á€¸á€œá€­á€¯á€·á€¡á€™á€¼á€²á€¡á€•á€¼á€±á€¬á€á€¶á€›á€á€²á€·á€¡á€á€½á€€á€º self-learning á€”á€²á€·á€•á€² á€–á€¼á€á€ºá€á€”á€ºá€¸á€œá€¬á€á€²á€·á€›á€á€¬á€•á€« 
á€…á€¬ á€†á€­á€¯á€›á€„á€º á€…á€­á€á€ºá€–á€­á€…á€®á€¸á€…á€›á€¬ á€”á€±á€›á€¬á€€á€”á€± á€¡á€á€¯á€œá€­á€¯ á€…á€­á€á€ºá€•á€»á€±á€¬á€ºá€•á€»á€±á€¬á€º á€”á€²á€· á€á€€á€ºá€á€½á€„á€ºá€·á€›á€á€²á€· á€á€¬á€™á€œá€­á€¯á€· á€á€€á€šá€ºá€€á€­á€¯á€€á€»á€±á€¸á€‡á€°á€¸á€á€„á€ºá€•á€«á€á€šá€º 

Mathsá€™á€¾á€¬ Tr á€€ á€œá€­á€¯á€¡á€•á€ºá€á€¬ á€™á€¾á€”á€ºá€á€™á€»á€¾ á€¡á€€á€¯á€”á€ºá€…á€¯á€•á€±á€¸ á€•á€¼á€®á€¸ hm & quiz á€á€½á€±á€•á€« á€•á€±á€¸ á€á€²á€·á€¡á€á€½á€€á€º á€œá€±á€·á€œá€¬ á€› á€á€¬á€›á€±á€¬ á€€á€­á€¯á€šá€ºá€·á€›á€²á€· á€…á€¬ á€›á€œá€¬á€¸ á€™á€›á€–á€°á€¸á€œá€¬á€¸ á€€á€­á€¯á€•á€«á€á€¯á€¶á€¸á€á€•á€ºá€›á€á€¬á€›á€±á€¬ á€¡á€†á€„á€ºá€•á€¼á€±á€á€²á€·á€•á€«á€á€šá€º 
Science á€™á€¾á€¬á€á€±á€¬á€· chem á€€á€­á€¯ á€„á€šá€ºá€€á€á€Šá€ºá€¸á€€ á€›á€á€²á€·á€á€±á€¬á€· á€•á€¼á€á€”á€¬ á€á€­á€•á€ºá€™á€›á€¾á€­á€á€²á€·á€•á€±á€™á€šá€ºá€· physics á€™á€¬ theoryá€á€½á€±á€”á€²á€· 
á€…á€‰á€ºá€¸á€…á€¬á€¸á€›á€á€¬á€á€½á€± á€™á€»á€­á€¯á€¸ á€†á€­á€¯ á€á€­á€•á€ºá€™á€”á€­á€¯á€„á€ºá€á€²á€· á€¡á€á€½á€€á€º sá€…tudy materials á€œá€±á€¸á€á€½á€± á€‘á€•á€ºá€•á€¼á€®á€¸ á€‘á€•á€ºá€‘á€Šá€ºá€·á€•á€±á€¸á€›á€„á€º á€•á€­á€¯á€•á€¼á€± á€™á€šá€ºá€œá€­á€¯á€· á€‘á€„á€ºá€•á€«á€á€šá€º bioá€™á€¾á€¬á€€ á€…á€¬á€€á€¼á€±á€¬á€„á€ºá€¸ á€¡á€›á€¾á€Šá€ºá€á€½á€± á€‘á€€á€º short note á€œá€±á€¸á€á€½á€±á€€ á€•á€­á€¯effective á€–á€¼á€…á€ºá€™á€šá€ºá€œá€­á€¯á€·á€‘á€„á€ºá€•á€«á€á€šá€º á€¡á€á€»á€­á€”á€º á‚á€á€»á€­á€”á€ºá€†á€€á€º á€–á€¼á€…á€ºá€á€¬á€€á€¼á€±á€¬á€„á€ºá€·á€›á€šá€º science á€†á€­á€¯á€á€¬á€”á€²á€· á€á€±á€«á€„á€ºá€¸á€€á€á€”á€ºá€¸á€œá€Šá€º á€á€½á€¬á€¸á€á€¬ á€™á€»á€­á€¯á€¸á€–á€¼á€…á€ºá€•á€±á€™á€šá€ºá€· á€†á€›á€¬á€€ vd á€œá€±á€¸á€á€½á€±á€€á€­á€¯ á€€á€¼á€¬á€¸á€‘á€²á€™á€¬ á€Šá€•á€ºá€•á€¼á€®á€¸ á€•á€¼á€•á€±á€¸á€œá€­á€¯á€· á€¡á€†á€„á€ºá€•á€¼á€±á€á€²á€·á€•á€«á€á€šá€º

Socialá€€á€á€±á€¬á€· á€˜á€á€™á€¾á€¬ á€•á€‘á€™á€†á€¯á€¶á€¸á€™á€›á€„á€ºá€¸á€”á€¾á€®á€¸á€á€²á€· subject á€á€á€¯ á€•á€« (business á€€á€­á€¯á€…á€­á€á€ºá€á€„á€º á€…á€¬á€¸á€œá€­á€¯á€· economic á€€á€­á€¯á€œá€±á€·á€œá€¬ á€–á€°á€¸á€•á€±á€™á€šá€ºá€· á€€á€»á€”á€ºá€á€²á€·á€¡á€•á€­á€¯á€„á€ºá€¸ á€á€½á€±á€€ á€á€±á€¬á€·á€¡á€á€…á€ºá€…á€€á€ºá€…á€€á€ºá€á€½á€±á€™á€»á€­á€¯á€¸á€•á€«) á€…á€¬á€•á€¼á€”á€ºá€œá€¯á€•á€ºá€á€­á€¯á€„á€ºá€¸á€œá€² á€…á€­á€á€ºá€Šá€…á€ºá€•á€«á€á€šá€º ( á€…á€­á€á€ºá€™á€á€„á€ºá€…á€¬á€¸á€á€¬á€€á€¼á€±á€¬á€„á€ºá€·á€›á€±á€¬ á€…á€¬ á€–á€á€ºá€•á€»á€„á€ºá€¸á€á€¬ á€€á€¼á€±á€¬á€„á€ºá€·á€›á€±á€¬á€•á€«) á€’á€«á€•á€±á€™á€šá€ºá€· á€¡á€²á€·á€œá€­á€¯á€–á€¼á€…á€ºá€á€­á€¯á€„á€ºá€¸ Tr á€›á€²á€· á€¡á€¬á€¸á€á€½á€”á€º á€á€½á€”á€ºá€…á€­á€¯á€€á€º á€á€„á€ºá€á€¬á€á€½á€± á€€á€­á€¯ á€™á€¼á€„á€ºá€šá€±á€¬á€„á€ºá€•á€¼á€®á€¸ á€á€”á€±á€·á€…á€¬ á€á€”á€±á€·á€€á€­á€¯ á€•á€¼á€®á€¸ á€¡á€±á€¬á€„á€º á€–á€á€ºá€–á€­á€¯á€· á€€á€­á€¯á€šá€ºá€·á€€á€­á€¯á€€á€­á€¯á€šá€º á€á€½á€”á€ºá€¸á€¡á€¬á€¸á€•á€±á€¸á€–á€¼á€…á€ºá€•á€«á€á€šá€º 
Session á€‘á€²á€™á€¬á€œá€² Tr á€€ á€…á€¬ á€€á€­á€¯ á€•á€¼á€”á€ºá€”á€½á€±á€¸á€•á€±á€¸á€œá€­á€¯á€· á€…á€¬á€á€½á€± á€™á€™á€±á€·á€•á€² á€™á€¾á€á€ºá€›á€œá€½á€šá€ºá€€á€°á€á€²á€·á€•á€«á€á€šá€º Trá€€ á€á€„á€ºá€á€¬ á€•á€¼á€®á€¸á€á€½á€¬á€¸á€•á€¼á€®á€¸examá€œá€² á€•á€¼á€®á€¸á€á€½á€¬á€¸á€•á€«á€•á€¼á€® á€¡á€™á€¾á€á€ºá€€ á€™á€™á€»á€¬á€¸á€á€²á€·á€•á€±á€™á€šá€ºá€· á€™á€›á€„á€ºá€¸á€”á€¾á€®á€¸á€á€²á€· á€á€²á€· á€˜á€¬á€á€¬á€›á€•á€º á€á€á€¯á€€á€­á€¯ á€˜á€œá€­á€¯ á€”á€¬á€¸á€œá€Šá€ºá€¡á€±á€¬á€„á€ºá€œá€¯á€•á€ºá€›á€™á€œá€² á€á€„á€ºá€šá€°á€›á€™á€œá€²á€†á€­á€¯á€á€¬á€•á€« á€›á€¾á€¬á€á€½á€±á€·á€á€²á€·á€•á€«á€á€šá€º

á€”á€±á€¬á€€á€ºá€†á€¯á€¶á€¸á€¡á€”á€±á€”á€²á€· á€’á€® GED á€¡á€á€”á€ºá€¸á€€á€­á€¯ á€á€€á€ºá€á€½á€„á€ºá€·á€•á€±á€¸á€á€²á€· á€á€²á€· Tr Myo á€”á€¾á€„á€ºá€· á€¡á€–á€½á€²á€· áŠ á€á€„á€ºá€€á€¼á€¬á€¸á€•á€±á€¸á€á€²á€· á€†á€›á€¬/á€†á€›á€¬á€™á€™á€»á€¬á€¸á€€á€­á€¯ á€œá€² á€€á€»á€±á€¸á€‡á€°á€¸ á€¡á€™á€»á€¬á€¸á€€á€¼á€®á€¸ á€á€„á€ºá€•á€«á€á€šá€º 
Uniá€€á€­á€¯á€œá€² á€†á€€á€ºá€™á€á€€á€ºáŠ  á€€á€­á€¯á€šá€ºá€á€½á€¬á€¸á€á€»á€„á€ºá€á€²á€·á€”á€­á€¯á€„á€ºá€„á€¶á€€á€­á€¯á€œá€² á€¡á€­á€™á€ºá€›á€²á€·á€€á€”á€ºá€·á€€á€½á€€á€ºá€™á€¾á€¯á€á€½á€±á€€á€¼á€±á€¬á€„á€ºá€· á€™á€á€½á€¬á€¸á€”á€­á€¯á€„á€ºá€á€²á€·á€á€²á€·á€¡á€á€¼á€±á€¡á€”á€±á€™á€¾á€¬  á€’á€®GED courseá€€ á€á€™á€®á€¸á€¡á€á€½á€€á€º á€á€±á€¬á€· á€á€”á€ºá€–á€­á€¯á€¸á€›á€¾á€ºá€­á€á€²á€· á€¡á€œá€„á€ºá€¸á€›á€±á€¬á€„á€º á€•á€« 
á€’á€«á€”á€á€½á€±á€‘á€²á€™á€¬ á€•á€Šá€¬á€’á€«á€”á€›á€²á€· á€á€”á€ºá€–á€­á€¯á€¸á€€á€¼á€®á€¸á€™á€¬á€¸á€™á€¾á€¯á€€á€­á€¯á€œá€² á€á€¶á€…á€¬á€¸á€›á€•á€«á€á€šá€º á€á€™á€®á€¸á€€ á€’á€«á€” á€†á€­á€¯á€¡á€€á€¯á€”á€º á€œá€¯á€•á€ºá€›á€á€¬ á€€á€¼á€­á€¯á€€á€ºá€á€²á€·á€œá€°á€™á€­á€¯á€·á€”á€±á€¬á€„á€ºá€á€…á€ºá€á€»á€­á€”á€ºá€™á€¾á€¬Tr á€á€­á€¯á€·á€›á€²á€· á€¡á€–á€½á€²á€·á€¡á€…á€Šá€ºá€¸á€›á€²á€· á€á€‘á€±á€¬á€„á€ºá€·á€á€”á€±á€›á€¬á€™á€¬ á€œá€² á€•á€«á€á€„á€º á€€á€°á€Šá€®á€•á€±á€¸á€á€»á€„á€ºá€•á€«á€á€šá€º 
(á€¡á€á€¯á€á€»á€­á€”á€ºá€™á€¬á€á€±á€¬á€· GEDá€–á€¼á€±á€–á€­á€¯á€·á€”á€²á€· á€á€€á€¹á€€á€á€­á€¯á€œá€º á€€á€­á€¯á€•á€¼á€”á€ºá€á€€á€ºá€”á€­á€¯á€„á€ºá€–á€­á€¯á€·á€€á€¼á€­á€¯á€¸á€…á€¬á€¸ á€”á€±á€•á€«á€á€šá€º Tr)

á€›á€±á€¸á€á€²á€·á€¡á€›á€±á€¸á€¡á€á€¬á€¸á€á€½á€±á€™á€¾á€¬á€¡á€™á€¾á€¬á€¸ á€•á€«á€á€½á€¬á€¸á€á€²á€·á€›á€„á€º á€á€˜á€±á€¬á€‘á€¬á€¸á€€á€¼á€®á€¸á€…á€½á€¬á€”á€²á€· á€á€½á€„á€ºá€·á€œá€½á€¾á€á€ºá€•á€±á€¸á€–á€­á€¯á€·á€™á€±á€á€¹á€á€¬á€›á€•á€ºá€á€¶ á€¡á€•á€ºá€•á€«á€á€šá€º Tr",Yes
27,2024-10-23 15:05:37.098,GED Second Batch,"I would like to see the platform as an app. While website is okay, app would be much more accessible and easier to use even with bad internet connection.",4,Only thing inconvenient is my connection and electricity. The rest is fine.,"Electricity, Internet, device",Mentor Session,RLA,Yes,I felt enlighten. I learned things that I previously had no idea about.,Instructor engagement and interaction,5,Yes,4,Yes,5,4,5,Yes,4,Yes,5,5,5,Yes,4,Yes,5,5,4,Yes,4,Yes,5,4,1,3,1,1,3,3,3,4,75-100%,5,5,5,4,Social Studies,Struggled with applying knowledge,Can apply knowledge more often,"More interactive activities or group work, Access to online resources or recorded lessons, More personalized feedback on assessments","Quality of teaching and instruction, Availability of practice exams and quizzes, Motivation and encouragement from teacher",4,4,"I am genuinely satisfied with the program. I find the learning platform a bit hard to access. I hope to see easier, more accessible and improved version of the platform.","I ,personally,hope to see the additional courses like intensive course or exam preparation course for students who want to take the exam after the program.",Overall experience is fun and engaging.,Yes
